set schema 'poo2024'

CREATE TABLE usuarios_ivoma(
	id_usuario serial constraint pk_usuario  PRIMARY KEY,
 	nombre_usuario varchar(255) NOT NULL,
	Email varchar(255),
	contraseña varchar(255) NOT NULL,
	administrador boolean not null,
	codigo_verificacion varchar(200),
	estado varchar(200) DEFAULT ''
)
select * from conexion_ivoma
select * from direccionip_ivoma
select * from equipo_ivoma
INSERT INTO equipo_ivoma(codigo,descripcion,marca,modelo,tipoequipo_codigo,ubicacion_codigo,activo)
 values   ('AP01', 'APAulas1', NULL, NULL, 'AP', 'A01', false),
    ('AP03', 'APAulas3', NULL, NULL, 'AP', 'A03', true),
    ('AP06', 'APAulas6', NULL, NULL, 'AP', 'A06', true),
    ('AP07', 'APAulas7', NULL, NULL, 'AP', 'RAP', true),
    ('AP08', 'APAulas8', NULL, NULL, 'AP', 'A08', true),
    ('AP09', 'APAulas9', NULL, NULL, 'AP', 'A09', true),
    ('APL0', 'APModFI2', NULL, NULL, 'AP', 'L00', true),
    ('APL2', 'APModFI', NULL, NULL, 'AP', 'L02', true),
    ('SWAM', 'SWAulas7', NULL, NULL, 'SW', 'RAM', true),
    ('SWBT', 'SWBiblioteca', NULL, NULL, 'SW', 'RBT', true),
    ('SWBD', 'SWBedelia', NULL, NULL, 'SW', 'RBD', true),
    ('SWMA', 'SWAdministracion', NULL, NULL, 'SW', 'RMA', true),
    ('SWOF', 'SWOficina', NULL, NULL, 'SW', 'OF', true),
    ('SWB1', 'Switch Biblioteca Arriba', NULL, NULL, 'SW', 'BT', true),
    ('SWB2', 'Switch Biblioteca Abajo', NULL, NULL, 'SW', 'BT', true),
    ('SWFT', 'Switch Fotocopiadora', NULL, NULL, 'SW', 'FT', true),
    ('SWGR', 'Switch Gremio', NULL, NULL, 'SW', 'GR', true),
    ('SWAP', 'SWAmpliacion', NULL, NULL, 'SW', 'RAP', false),
    ('SWL0', 'SWLabs5', NULL, NULL, 'SW', 'L05', true),
    ('SWSS', 'SWSrv', NULL, NULL, 'SW', 'RSS', true),
    ('SW04', 'SWAulas4', NULL, NULL, 'SW', 'RL3', true),
    ('SWL4', 'SWLabs4', NULL, NULL, 'SW', 'RL3', true),
    ('FW02', 'FW_Mk2', NULL, NULL, 'RT', 'RL3', true),
    ('FW01', 'FW_Mk', NULL, NULL, 'RT', 'RL3', false),
    ('GWUSG', 'GW_USG', NULL, NULL, 'COM', 'RL3', false);


INSERT INTO direccionip_ivoma(id,equipo_codigo,direccion_ip)
VALUES
    (1, 'AP01', '192.168.16.2'),
    (2, 'AP03', '192.168.16.4'),
    (3, 'AP06', '192.168.16.7'),
    (4, 'AP07', '192.168.16.8'),
    (5, 'AP08', '192.168.16.9'),
    (6, 'AP09', '192.168.16.12'),
    (7, 'APL0', '192.168.16.13'),
    (8, 'APL2', '192.168.16.11'),
    (9, 'SWAM', '192.168.16.120'),
    (10, 'SWBT', '192.168.16.123'),
    (11, 'SWBD', '192.168.16.119'),
    (12, 'SWMA', '192.168.16.117'),
    (13, 'SWOF', '192.168.16.110'),
    (14, 'SWB1', NULL),
    (15, 'SWB2', NULL),
    (16, 'SWFT', NULL),
    (17, 'SWGR', NULL),
    (18, 'SWAP', '192.168.16.118'),
    (19, 'SWL0', '192.168.16.126'),
    (20, 'SWSS', '192.168.16.112'),
    (21, 'SW04', '192.168.16.115'),
    (22, 'SWL4', '192.168.16.125'),
    (23, 'FW02', '192.168.16.24'),
	(24, 'FW02', '132.255.7.2'),
    (25, 'FW01', '192.168.16.10'),
    (26, 'GWUSG', '192.168.16.25');

select * from puerto_ivoma
insert into puerto_ivoma(id,equipo_codigo,tipopuerto_id,cantidad)
values (1, 'AP01', '1G','1'),
(2, 'AP03', '1G','1'),
(3, 'AP06', '1G','1'),
(4, 'AP07', '1G','1'),
(5, 'AP08', '1G','1'),
(6, 'AP09', '1G','1'),
(7, 'APL0', '1G','1'),
(8, 'APL2', '1G','1'),
(9, 'SWAM', '1G','8'),
(10, 'SWBT', '1G','8'),
(11, 'SWBD', '1G','8'),
(12, 'SWMA', '1G','8'),
(13, 'SWOF', '1G','8'),
(14, 'SWB1', '1G','8'),
(15, 'SWB2', '1G','8'),
(16, 'SWFT', '1G','8'),
(17, 'SWGR', '1G','8'),
(18, 'SWAP', '1G','8'),
(19, 'SWL0', '1G','8'),
(20, 'SWSS', '1G','8'),
(21, 'SW04', '1G','8'),
(22, 'SWL4', '1G','8'),
(23, 'FW02', '1G','2'),
(24, 'FW01', '1G','2'),
(25, 'GWUSG', '1G','2');


insert into conexion_ivoma(equipo1,tipopuerto1,equipo2,tipopuerto2,tipocable)
values('SWAM', '1G', 'AP09', '1G', 'C5E'),
('SWAM', '1G', 'AP08', '1G', 'C5E'),
('SWAM', '1G', 'AP06', '1G', 'C5E'),
('SWAM', '1G', 'SWBT', '1G', 'C5E'),
('SWAM', '1G', 'SWBD', '1G', 'C5E'),
('SWAM', '1G', 'SWMA', '1G', 'C5E'),
('SWAM', '1G', 'AP01', '1G', 'C5E'),
('SWBT', '1G', 'SWOF', '1G', 'C5E'),
('SWBT', '1G', 'SWB1', '1G', 'C5E'),
('SWBT', '1G', 'SWB2', '1G', 'C5E'),
('SWB2', '1G', 'AP03', '1G', 'C5E'),
('SWBD', '1G', 'SWFT', '1G', 'C5E'),
('SWBD', '1G', 'SWGR', '1G', 'C5E'),
('SWBD', '1G', 'AP01', '1G', 'C5E'),
('SW04', '1G', 'SWAM', '1G', 'C5E'),
('SW04', '1G', 'SWL4', '1G', 'C5E'),
('SW04', '1G', 'SWSS', '1G', 'C5E'),
('SW04', '1G', 'SWL0', '1G', 'C5E'),
('SW04', '1G', 'APL2', '1G', 'C5E'),
('SWL0', '1G', 'APL0', '1G', 'C5E'),
('FW01', '1G', 'SW04', '1G', 'C5E'),
('FW02', '1G', 'FW01', '1G', 'C5E'),
('FW02', '1G', 'SW04', '1G', 'C5E'),
('FW02', '1G', 'GWUSG', '1G', 'C5E'),
('AP07', '1G', 'SWBD', '1G', 'C5E'),
('SWAP', '1G', 'SWBD', '1G', 'C5E');
